Workbook

Sheet dim_absences_grp
A1: CD_GRP_ABS | B1: CD_GRP_ABS_3_CAR | C1: LB_GRP_ABS | D1: CD_TYPE_GRP_ABS | E1: LB_TYPE_GRP_ABS | F1: CD_PERIM_GRP_ABS | G1: DT_MAJ
A2: AD | B2: ADO | C2: Congés d'adoption | D2: N | E2: Non-médical | F2: O | G2: 45623
A3: AI | B3: AIR | C3: Absences irrégulières | D3: N | E3: Non-médical | F3: N | G3: 45623
A4: AR | B4: ARE | C4: Absences à régulariser | D4: N | E4: Non-médical | F4: N | G4: 45623
A5: AST | B5: AST | C5: Astreinte | D5: N | E5: Non-médical | F5: N | G5: 45623
A6: AT | B6: ACT | C6: Accident de travail | D6: M | E6: Médical | F6: O | G6: 45623
A7: CF | B7: CMF | C7: Congés motif familial | D7: N | E7: Non-médical | F7: N | G7: 45623
A8: CLD | B8: CLD | C8: Congés longues durées | D8: M | E8: Médical | F8: O | G8: 45623
A9: CLM | B9: CLM | C9: Congés longue maladie | D9: M | E9: Médical | F9: O | G9: 45623
A10: CON | B10: CBO | C10: Congés bonifiés | D10: N | E10: Non-médical | F10: N | G10: 45623
A11: DIV | B11: DIV | C11: Divers | D11: N | E11: Non-médical | F11: N | G11: 45623
A12: FOR | B12: FOR | C12: Formation pro | D12: N | E12: Non-médical | F12: N | G12: 45623
A13: MAL | B13: MAL | C13: Maladie | D13: M | E13: Médical | F13: O | G13: 45623
... A19: SYN | B19: SYN | C19: Absences syndicales | D19: N | E19: Non-médical | F19: N | G19: 45623

Sheet dim_absences
A1: CD_MAB | B1: LB_MAB | C1: LB_MAB_L | D1: MIN_CD_PER | E1: MAX_CD_PER | F1: SUM_ETP_ABS_REP | G1: CD_TYPE_ABS | H1: LB_TYPE_ABS | I1: CD_PERIM_ABS | J1: CD_GRP_ABS | K1: CD_GRP_ABS_3_CAR | L1: LB_GRP_ABS | M1: CD_TYPE_ABS_BS | N1: LB_TYPE_ABS_BS | O1: CD_GRP_ABS_BS | P1: LB_GRP_ABS_BS | Q1: LB_STAT_ABS | R1: CD_GRP_ABS_BW | S1: LB_GRP_ABS_BW | T1: CD_GRP_ABS_ECM | U1: DT_MAJ
A2: 41 | B2: INVAL INF GUERRE | C2: CONGE D'INVALIDITE POUR INFIRMITE DE GUERRE | G2: M | H2: Médical | I2: O | J2: MAL | K2: =VLOOKUP(Requête1[[#This Row],[CD_GRP_ABS]],dim_absences_grp!A:B,2,0) -> MAL | L2: Maladie | M2: M | N2: Médical | O2: MAL | P2: Maladie | Q2: CONGE D'INVALIDITE POUR INFIRMITE DE GUERRE | R2: 1 | S2: Maladie ordinaire | T2: MAL | U2: 45273
A3: A | B3: ASTREINTE INTERNE | C3: ASTREINTE INTERNE | G3: N | H3: Non-médical | I3: N | J3: AST | K3: =VLOOKUP(Requête1[[#This Row],[CD_GRP_ABS]],dim_absences_grp!A:B,2,0) -> AST | L3: Astreinte | M3: X | N3: Exclu | O3: AST | P3: Astreinte | Q3: ASTREINTES | R3: 7 | S3: Autre | T3: AUTRE | U3: 45273
A4: AC | B4: ACCOMP FIN DE VIE | C4: CONGE D'ACCOMPAGNEMENT FIN DE VIE | D4: 201906 | E4: 202506 | F4: 39.413 | G4: N | H4: Non-médical | I4: N | J4: CF | K4: =VLOOKUP(Requête1[[#This Row],[CD_GRP_ABS]],dim_absences_grp!A:B,2,0) -> CMF | L4: Congés motif familial | M4: X | N4: Exclu | O4: CF | P4: Congés motif familial | Q4: CONGE D'ACCOMPAGNEMENT FIN DE VIE | R4: 7 | S4: Autre | T4: AUTRE | U4: 45273
A5: AD | B5: CONGE D'ADOPTION | C5: CONGE D'ADOPTION | D5: 201901 | E5: 202503 | F5: 38.36 | G5: N | H5: Non-médical | I5: O | J5: AD | K5: =VLOOKUP(Requête1[[#This Row],[CD_GRP_ABS]],dim_absences_grp!A:B,2,0) -> ADO | L5: Congés d'adoption | M5: N | N5: Non-médical | O5: CF | P5: Congés motif familial | Q5: CONGE D'ADOPTION | R5: 5 | S5: Maternité, paternité, adoption | T5: MAT | U5: 45273
A6: AF | B6: ASTREINTE FORFAIT | C6: ASTREINTE FORFAITEE | G6: N | H6: Non-médical | I6: N | J6: AST | K6: =VLOOKUP(Requête1[[#This Row],[CD_GRP_ABS]],dim_absences_grp!A:B,2,0) -> AST | L6: Astreinte | M6: X | N6: Exclu | O6: AST | P6: Astreinte | Q6: ASTREINTES | R6: 7 | S6: Autre | T6: AUTRE | U6: 45273
A7: AI | B7: ABS IRREG | C7: ABSENCE IRREGULIERE | D7: 201901 | E7: 202506 | F7: 7495.488 | G7: N | H7: Non-médical | I7: N | J7: AI | K7: =VLOOKUP(Requête1[[#This Row],[CD_GRP_ABS]],dim_absences_grp!A:B,2,0) -> AIR | L7: Absences irrégulières | M7: X | N7: Exclu | O7: AI | P7: Absences irrégulières | Q7: ABSENCE IRREGULIERE | R7: 7 | S7: Autre | T7: AUTRE | U7: 45273
A8: AL | B8: ACTIVITE LIBERALE | C8: ACTIVITE LIBERALE | G8: N | H8: Non-médical | I8: N | J8: DIV | K8: =VLOOKUP(Requête1[[#This Row],[CD_GRP_ABS]],dim_absences_grp!A:B,2,0) -> DIV | L8: Divers | M8: X | N8: Exclu | O8: DIV | P8: Divers | Q8: ACTIVITE LIBERALE | R8: 7 | S8: Autre | T8: AUTRE | U8: 45273
A9: AO | B9: AST. OPERATIONNELL | C9: ASTREINTE OPERATIONNELLE | G9: N | H9: Non-médical | I9: N | J9: AST | K9: =VLOOKUP(Requête1[[#This Row],[CD_GRP_ABS]],dim_absences_grp!A:B,2,0) -> AST | L9: Astreinte | M9: X | N9: Exclu | O9: AST | P9: Astreinte | Q9: ASTREINTES | R9: 7 | S9: Autre | T9: AUTRE | U9: 45273
A10: AP | B10: ACTI. PEDAGOGIQUE | C10: ACTIVITE PEDAGOGIQUE | G10: N | H10: Non-médical | I10: N | J10: FOR | K10: =VLOOKUP(Requête1[[#This Row],[CD_GRP_ABS]],dim_absences_grp!A:B,2,0) -> FOR | L10: Formation pro | M10: X | N10: Exclu | O10: FOR | P10: Formation pro | Q10: AUTRES ACTIVITES | R10: 7 | S10: Autre | T10: AUTRE | U10: 45273
A11: AR | B11: ABS A REGULARISER | C11: ABSENCE A REGULARISER | D11: 201901 | E11: 202506 | F11: 71.385 | G11: N | H11: Non-médical | I11: N | J11: AR | K11: =VLOOKUP(Requête1[[#This Row],[CD_GRP_ABS]],dim_absences_grp!A:B,2,0) -> ARE | L11: Absences à régulariser | M11: X | N11: Exclu | O11: AR | P11: Absences à régulariser | Q11: ABSENCE A REGULARISER | R11: 7 | S11: Autre | T11: AUTRE | U11: 45273
A12: AS | B12: ASTREINTE SECURITE | C12: ASTREINTE DE SECURITE | G12: N | H12: Non-médical | I12: N | J12: AST | K12: =VLOOKUP(Requête1[[#This Row],[CD_GRP_ABS]],dim_absences_grp!A:B,2,0) -> AST | L12: Astreinte | M12: X | N12: Exclu | O12: AST | P12: Astreinte | Q12: ASTREINTES | R12: 7 | S12: Autre | T12: AUTRE | U12: 45273
A13: AT | B13: ACCIDENT TRAVAIL | C13: ACCIDENT DE TRAVAIL | D13: 201901 | E13: 202506 | F13: 41226.804 | G13: M | H13: Médical | I13: O | J13: AT | K13: =VLOOKUP(Requête1[[#This Row],[CD_GRP_ABS]],dim_absences_grp!A:B,2,0) -> ACT | L13: Accident de travail | M13: M | N13: Médical | O13: AT | P13: Accident de travail | Q13: ACCIDENT DE TRAVAIL | R13: 3 | S13: Accident de travail / accident de trajet | T13: AT_MP | U13: 45273
A14: BA | B14: CGE BONIF ANT-GUY | C14: CONGE BONIFIE ANTILLES-GUYANNE | D14: 201901 | E14: 202506 | F14: 16026.427 | G14: N | H14: Non-médical | I14: N | J14: CON | K14: =VLOOKUP(Requête1[[#This Row],[CD_GRP_ABS]],dim_absences_grp!A:B,2,0) -> CBO | L14: Congés bonifiés | M14: X | N14: Exclu | O14: CON | P14: Congés bonifiés | Q14: CONGE BONIFIE | R14: 7 | S14: Autre | T14: AUTRE | U14: 45273
A15: BM | B15: CGE BONIF MAYOTTE | C15: CONGE BONIFIE MAYOTTE | D15: 201907 | E15: 202409 | F15: 40.368 | G15: N | H15: Non-médical | I15: N | J15: CON | K15: =VLOOKUP(Requête1[[#This Row],[CD_GRP_ABS]],dim_absences_grp!A:B,2,0) -> CBO | L15: Congés bonifiés | M15: X | N15: Exclu | O15: CON | P15: Congés bonifiés | Q15: CONGE BONIFIE | R15: 7 | S15: Autre | T15: AUTRE | U15: 45273
A16: BR | B16: CGE BONIF REUNION | C16: CONGE BONIFIE REUNION | D16: 201901 | E16: 202506 | F16: 1044.531 | G16: N | H16: Non-médical | I16: N | J16: CON | K16: =VLOOKUP(Requête1[[#This Row],[CD_GRP_ABS]],dim_absences_grp!A:B,2,0) -> CBO | L16: Congés bonifiés | M16: X | N16: Exclu | O16: CON | P16: Congés bonifiés | Q16: CONGE BONIFIE | R16: 7 | S16: Autre | T16: AUTRE | U16: 45273
A17: CA | B17: CONGE ANNUEL | C17: CONGE ANNUEL | D17: 201901 | E17: 202504 | F17: 36.311 | G17: N | H17: Non-médical | I17: N | J17: CON | K17: =VLOOKUP(Requête1[[#This Row],[CD_GRP_ABS]],dim_absences_grp!A:B,2,0) -> CBO | L17: Congés bonifiés | M17: X | N17: Exclu | O17: CON | P17: Congés bonifiés | Q17: CONGE ANNUEL | R17: 7 | S17: Autre | T17: AUTRE | U17: 45273
A18: CB | B18: CONGE BONIFIE | C18: CONGE BONIFIE | G18: N | H18: Non-médical | I18: N | J18: CON | K18: =VLOOKUP(Requête1[[#This Row],[CD_GRP_ABS]],dim_absences_grp!A:B,2,0) -> CBO | L18: Congés bonifiés | M18: X | N18: Exclu | O18: CON | P18: Congés bonifiés | Q18: CONGE BONIFIE | R18: 7 | S18: Autre | T18: AUTRE | U18: 45273
A19: CC | B19: CAMPAGNE ELECT | C19: CONGE CAMPAGNE ELECTORALE | D19: 202106 | E19: 202106 | F19: 0.132 | G19: N | H19: Non-médical | I19: N | J19: DIV | K19: =VLOOKUP(Requête1[[#This Row],[CD_GRP_ABS]],dim_absences_grp!A:B,2,0) -> DIV | L19: Divers | M19: X | N19: Exclu | O19: DIV | P19: Divers | Q19: AUTRES CONGES | R19: 7 | S19: Autre | T19: AUTRE | U19: 45273
A20: CF | B20: CONGE FORM REM | C20: CONGE FORMATION REMUNERE | D20: 201901 | E20: 202506 | F20: 5492.104 | G20: N | H20: Non-médical | I20: N | J20: FOR | K20: =VLOOKUP(Requête1[[#This Row],[CD_GRP_ABS]],dim_absences_grp!A:B,2,0) -> FOR | L20: Formation pro | M20: X | N20: Exclu | O20: FOR | P20: Formation pro | Q20: CONGE FORMATION | R20: 7 | S20: Autre | T20: AUTRE | U20: 45273
A21: CG | B21: CONGRES COLLOQUES | C21: ABSENCE CONGRES/COLLOQUES SCIENTIFIQUES | G21: N | H21: Non-médical | I21: N | J21: DIV | K21: =VLOOKUP(Requête1[[#This Row],[CD_GRP_ABS]],dim_absences_grp!A:B,2,0) -> DIV | L21: Divers | M21: X | N21: Exclu | O21: DIV | P21: Divers | Q21: AUTRES ABSENCES | R21: 7 | S21: Autre | T21: AUTRE | U21: 45273
A22: CJ | B22: FORM CAD ANIM JEUN | C22: CONGE DE FORM. CADRES ANIMATEURS LA JEUNESSE | D22: 201904 | E22: 202506 | F22: 4.656 | G22: N | H22: Non-médical | I22: N | J22: FOR | K22: =VLOOKUP(Requête1[[#This Row],[CD_GRP_ABS]],dim_absences_grp!A:B,2,0) -> FOR | L22: Formation pro | M22: X | N22: Exclu | O22: FOR | P22: Formation pro | Q22: AUTRES CONGES | R22: 7 | S22: Autre | T22: AUTRE | U22: 45273
A23: CM | B23: MALADIE ORDINAIRE | C23: MALADIE ORDINAIRE | D23: 201901 | E23: 202506 | F23: 186559.21 | G23: M | H23: Médical | I23: O | J23: MAL | K23: =VLOOKUP(Requête1[[#This Row],[CD_GRP_ABS]],dim_absences_grp!A:B,2,0) -> MAL | L23: Maladie | M23: M | N23: Médical | O23: MAL | P23: Maladie | Q23: MALADIE ORDINAIRE | R23: 1 | S23: Maladie ordinaire | T23: MAL | U23: 45273
A24: CN | B24: CONGE FORM NON REM | C24: CONGE FORMATION NON REMUNERE | D24: 201901 | E24: 202506 | F24: 165.378 | G24: N | H24: Non-médical | I24: N | J24: FOR | K24: =VLOOKUP(Requête1[[#This Row],[CD_GRP_ABS]],dim_absences_grp!A:B,2,0) -> FOR | L24: Formation pro | M24: X | N24: Exclu | O24: FOR | P24: Formation pro | Q24: CONGE FORMATION | R24: 7 | S24: Autre | T24: AUTRE | U24: 45273
A25: CO | B25: CONCOURS | C25: JOURNEE DE CONCOURS | D25: 202203 | E25: 202504 | F25: 0.34 | G25: N | H25: Non-médical | I25: N | J25: DIV | K25: =VLOOKUP(Requête1[[#This Row],[CD_GRP_ABS]],dim_absences_grp!A:B,2,0) -> DIV | L25: Divers | M25: X | N25: Exclu | O25: DIV | P25: Divers | Q25: JOURNEE DE CONCOURS | R25: 7 | S25: Autre | T25: AUTRE | U25: 45273
A26: CP | B26: PRES PARENTALE | C26: CONGE DE PRESENCE PARENTALE | D26: 201901 | E26: 202506 | F26: 2334.609 | G26: N | H26: Non-médical | I26: N | J26: CF | K26: =VLOOKUP(Requête1[[#This Row],[CD_GRP_ABS]],dim_absences_grp!A:B,2,0) -> CMF | L26: Congés motif familial | M26: X | N26: Exclu | O26: CF | P26: Congés motif familial | Q26: CONGE PRESENCE PARENTALE | R26: 7 | S26: Autre | T26: AUTRE | U26: 45273
A27: CS | B27: CONGE SANS REM | C27: CONGE SANS REMUNERATION | D27: 201901 | E27: 202506 | F27: 14234.914 | G27: N | H27: Non-médical | I27: N | J27: DIV | K27: =VLOOKUP(Requête1[[#This Row],[CD_GRP_ABS]],dim_absences_grp!A:B,2,0) -> DIV | L27: Divers | M27: X | N27: Exclu | O27: DIV | P27: Divers | Q27: CONGE SANS REMUNERATION | R27: 7 | S27: Autre | T27: AUTRE | U27: 45273
A28: CT | B28: CPTE EPARGNE TPS | C28: COMPTE EPARGNE TEMPS | D28: 202304 | E28: 202304 | F28: 0.432 | G28: N | H28: Non-médical | I28: N | J28: CON | K28: =VLOOKUP(Requête1[[#This Row],[CD_GRP_ABS]],dim_absences_grp!A:B,2,0) -> CBO | L28: Congés bonifiés | M28: X | N28: Exclu | O28: CON | P28: Congés bonifiés | Q28: COMPTE EPARGNE TEMPS | R28: 7 | S28: Autre | T28: AUTRE | U28: 45273
A29: DS | B29: DONS SANG OU MOELL | C29: JOURNEES DE DONNEUR DE SANG | D29: 201901 | E29: 202503 | F29: 2.138 | G29: N | H29: Non-médical | I29: N | J29: DIV | K29: =VLOOKUP(Requête1[[#This Row],[CD_GRP_ABS]],dim_absences_grp!A:B,2,0) -> DIV | L29: Divers | M29: X | N29: Exclu | O29: DIV | P29: Divers | Q29: AUTRES ABSENCES | R29: 7 | S29: Autre | T29: AUTRE | U29: 45273
A30: EC | B30: EVICTION COVID | C30: EVICTION COVID | G30: N | H30: Non-médical | I30: N | J30: CF | K30: =VLOOKUP(Requête1[[#This Row],[CD_GRP_ABS]],dim_absences_grp!A:B,2,0) -> CMF | L30: Congés motif familial | M30: X | N30: Exclu | O30: CF | P30: Congés motif familial | Q30: EVICTION COVID | R30: 7 | S30: Autre | T30: AUTRE | U30: 45273
A31: EF | B31: EVENEMENT FAMILIAL | C31: EVENEMENT FAMILIAL | D31: 201901 | E31: 202506 | F31: 321.717 | G31: N | H31: Non-médical | I31: N | J31: CF | K31: =VLOOKUP(Requête1[[#This Row],[CD_GRP_ABS]],dim_absences_grp!A:B,2,0) -> CMF | L31: Congés motif familial | M31: X | N31: Exclu | O31: CF | P31: Congés motif familial | Q31: EVENEMENT FAMILIAL | R31: 7 | S31: Autre | T31: AUTRE | U31: 45273
A32: EM | B32: ENFANTS MALADES | C32: ENFANTS MALADES | D32: 201901 | E32: 202506 | F32: 6867.089 | G32: N | H32: Non-médical | I32: N | J32: CF | K32: =VLOOKUP(Requête1[[#This Row],[CD_GRP_ABS]],dim_absences_grp!A:B,2,0) -> CMF | L32: Congés motif familial | M32: X | N32: Exclu | O32: CF | P32: Congés motif familial | Q32: ENFANTS MALADES | R32: 7 | S32: Autre | T32: AUTRE | U32: 45273
A33: ER | B33: ENSEIGN. ET RECH. | C33: ENSEIGNEMENT ET RECHERCHE | G33: N | H33: Non-médical | I33: N | J33: FOR | K33: =VLOOKUP(Requête1[[#This Row],[CD_GRP_ABS]],dim_absences_grp!A:B,2,0) -> FOR | L33: Formation pro | M33: X | N33: Exclu | O33: FOR | P33: Formation pro | Q33: AUTRES ABSENCES | R33: 7 | S33: Autre | T33: AUTRE | U33: 45273
A34: ET | B34: EXCL TEMPORAIRE | C34: EXCLUSION TEMPORAIRE | D34: 201901 | E34: 202506 | F34: 463.482 | G34: N | H34: Non-médical | I34: N | J34: SUS | K34: =VLOOKUP(Requête1[[#This Row],[CD_GRP_ABS]],dim_absences_grp!A:B,2,0) -> SUS | L34: Suspension | M34: X | N34: Exclu | O34: SUS | P34: Suspension | Q34: EXCLUSION TEMPORAIRE | R34: 7 | S34: Autre | T34: AUTRE | U34: 45273
A35: FO | B35: FORMATION CONTINUE | C35: FORMATION PROFESSIONNELLE | D35: 201901 | E35: 202506 | F35: 141.532 | G35: N | H35: Non-médical | I35: N | J35: FOR | K35: =VLOOKUP(Requête1[[#This Row],[CD_GRP_ABS]],dim_absences_grp!A:B,2,0) -> FOR | L35: Formation pro | M35: X | N35: Exclu | O35: FOR | P35: Formation pro | Q35: FORMATION PROFESSIONNELLE | R35: 7 | S35: Autre | T35: AUTRE | U35: 45273
A36: FS | B36: FORMATION SYNDIC | C36: STAGE DE FORMATION SYNDICALE | D36: 201901 | E36: 202506 | F36: 131.405 | G36: N | H36: Non-médical | I36: N | J36: SYN | K36: =VLOOKUP(Requête1[[#This Row],[CD_GRP_ABS]],dim_absences_grp!A:B,2,0) -> SYN | L36: Absences syndicales | M36: X | N36: Exclu | O36: SYN | P36: Absences syndicales | Q36: ACTIVITE SYNDICALE | R36: 7 | S36: Autre | T36: AUTRE | U36: 45273
A37: G | B37: GARDE | C37: GARDE | G37: N | H37: Non-médical | I37: N | J37: DIV | K37: =VLOOKUP(Requête1[[#This Row],[CD_GRP_ABS]],dim_absences_grp!A:B,2,0) -> DIV | L37: Divers | M37: X | N37: Exclu | O37: DIV | P37: Divers | Q37: GARDE | R37: 7 | S37: Autre | T37: AUTRE | U37: 45273
A38: GM | B38: GRAVE MALADIE | C38: CONGE GRAVE MALADIE | D38: 201901 | E38: 202506 | F38: 1101.475 | G38: M | H38: Médical | I38: O | J38: CLM | K38: =VLOOKUP(Requête1[[#This Row],[CD_GRP_ABS]],dim_absences_grp!A:B,2,0) -> CLM | L38: Congés longue maladie | M38: M | N38: Médical | O38: CLM | P38: Congés longue maladie | Q38: CONGE LONGUE MALADIE | R38: 2 | S38: Maladie longue durée | T38: MAL | U38: 45273
A39: GP | B39: GROSSESSE PATHO | C39: GROSSESSE PATHOLOGIQUE | D39: 201901 | E39: 202506 | F39: 9154.394 | G39: M | H39: Médical | I39: O | J39: MAL | K39: =VLOOKUP(Requête1[[#This Row],[CD_GRP_ABS]],dim_absences_grp!A:B,2,0) -> MAL | L39: Maladie | M39: M | N39: Médical | O39: MAL | P39: Maladie | Q39: GROSSESSE PATHOLOGIQUE | R39: 1 | S39: Maladie ordinaire | T39: MAT | U39: 45273
A40: GPP | B40: ACTIVITE INDEM TA | C40: ACTIVITE INDEM TA | G40: N | H40: Non-médical | I40: N | J40: DIV | K40: =VLOOKUP(Requête1[[#This Row],[CD_GRP_ABS]],dim_absences_grp!A:B,2,0) -> DIV | L40: Divers | M40: X | N40: Exclu | O40: DIV | P40: Divers | Q40: AUTRES ACTIVITES | R40: 7 | S40: Autre | T40: AUTRE | U40: 45273
A41: GPT | B41: PRESENCE À TORT | C41: PRESENCE À TORT | G41: N | H41: Non-médical | I41: N | J41: DIV | K41: =VLOOKUP(Requête1[[#This Row],[CD_GRP_ABS]],dim_absences_grp!A:B,2,0) -> DIV | L41: Divers | M41: X | N41: Exclu | O41: DIV | P41: Divers | Q41: PRESENCE A TORT | R41: 7 | S41: Autre | T41: AUTRE | U41: 45273
A42: GR | B42: SERV NON FAIT | C42: SERVICE NON FAIT | D42: 201901 | E42: 202506 | F42: 991.015 | G42: N | H42: Non-médical | I42: N | J42: DIV | K42: =VLOOKUP(Requête1[[#This Row],[CD_GRP_ABS]],dim_absences_grp!A:B,2,0) -> DIV | L42: Divers | M42: X | N42: Exclu | O42: DIV | P42: Divers | Q42: GREVE | R42: 7 | S42: Autre | T42: AUTRE | U42: 45273
A43: HD | B43: CM HORS DELAI | C43: ARRET MALADIE HORS DELAI | D43: 201901 | E43: 202506 | F43: 455.459 | G43: M | H43: Médical | I43: O | J43: MAL | K43: =VLOOKUP(Requête1[[#This Row],[CD_GRP_ABS]],dim_absences_grp!A:B,2,0) -> MAL | L43: Maladie | M43: M | N43: Médical | O43: MAL | P43: Maladie | Q43: MALADIE ORDINAIRE | R43: 1 | S43: Maladie ordinaire | T43: MAL | U43: 45273
A44: JA | B44: JURY ET AUDITION | C44: JURY COUR D'ASSISES | D44: 201903 | E44: 202506 | F44: 5.108 | G44: N | H44: Non-médical | I44: N | J44: DIV | K44: =VLOOKUP(Requête1[[#This Row],[CD_GRP_ABS]],dim_absences_grp!A:B,2,0) -> DIV | L44: Divers | M44: X | N44: Exclu | O44: DIV | P44: Divers | Q44: JURY COUR D'ASSISES | R44: 7 | S44: Autre | T44: AUTRE | U44: 45273
A45: JC | B45: JOURNEE CITOYENNE | C45: JOURNEE CITOYENNE | D45: 202310 | E45: 202411 | F45: 0.26 | G45: N | H45: Non-médical | I45: N | J45: DIV | K45: =VLOOKUP(Requête1[[#This Row],[CD_GRP_ABS]],dim_absences_grp!A:B,2,0) -> DIV | L45: Divers | M45: X | N45: Exclu | O45: DIV | P45: Divers | Q45: AUTRES ABSENCES | R45: 7 | S45: Autre | T45: AUTRE | U45: 45273
A46: JS | B46: JOUR FERIE | C46: JOUR FERIE | G46: N | H46: Non-médical | I46: N | J46: CON | K46: =VLOOKUP(Requête1[[#This Row],[CD_GRP_ABS]],dim_absences_grp!A:B,2,0) -> CBO | L46: Congés bonifiés | M46: X | N46: Exclu | O46: CON | P46: Congés bonifiés | Q46: AUTRES CONGES | R46: 7 | S46: Autre | T46: AUTRE | U46: 45273
A47: L1 | B47: CLD - 1ERE AFFECT | C47: CONGE LONGUE DUREE - 1ERE AFFECTION | D47: 201901 | E47: 202506 | F47: 49958.612 | G47: M | H47: Médical | I47: O | J47: CLD | K47: =VLOOKUP(Requête1[[#This Row],[CD_GRP_ABS]],dim_absences_grp!A:B,2,0) -> CLD | L47: Congés longues durées | M47: M | N47: Médical | O47: CLD | P47: Congés longues durées | Q47: CONGE LONGUE DUREE | R47: 2 | S47: Maladie longue durée | T47: MAL | U47: 45273
A48: L2 | B48: CLD - 2EME AFFECT | C48: CONGE LONGUE DUREE - 2EME AFFECTION | D48: 201901 | E48: 202506 | F48: 2752.073 | G48: M | H48: Médical | I48: O | J48: CLD | K48: =VLOOKUP(Requête1[[#This Row],[CD_GRP_ABS]],dim_absences_grp!A:B,2,0) -> CLD | L48: Congés longues durées | M48: M | N48: Médical | O48: CLD | P48: Congés longues durées | Q48: CONGE LONGUE DUREE | R48: 2 | S48: Maladie longue durée | T48: MAL | U48: 45273
A49: L3 | B49: CLD - 3EME AFFECT | C49: CONGE LONGUE DUREE - 3EME AFFECTION | D49: 201901 | E49: 202408 | F49: 115.838 | G49: M | H49: Médical | I49: O | J49: CLD | K49: =VLOOKUP(Requête1[[#This Row],[CD_GRP_ABS]],dim_absences_grp!A:B,2,0) -> CLD | L49: Congés longues durées | M49: M | N49: Médical | O49: CLD | P49: Congés longues durées | Q49: CONGE LONGUE DUREE | R49: 2 | S49: Maladie longue durée | T49: MAL | U49: 45273
A50: L4 | B50: CLD - 4EME AFFECT | C50: CONGE LONGUE DUREE - 4EME AFFECTION | G50: M | H50: Médical | I50: O | J50: CLD | K50: =VLOOKUP(Requête1[[#This Row],[CD_GRP_ABS]],dim_absences_grp!A:B,2,0) -> CLD | L50: Congés longues durées | M50: M | N50: Médical | O50: CLD | P50: Congés longues durées | Q50: CONGE LONGUE DUREE | R50: 2 | S50: Maladie longue durée | T50: MAL | U50: 45273
A51: L5 | B51: CLD - 5EME AFFECT | C51: CONGE LONGUE DUREE - 5EME AFFECTION | G51: M | H51: Médical | I51: O | J51: CLD | K51: =VLOOKUP(Requête1[[#This Row],[CD_GRP_ABS]],dim_absences_grp!A:B,2,0) -> CLD | L51: Congés longues durées | M51: M | N51: Médical | O51: CLD | P51: Congés longues durées | Q51: CONGE LONGUE DUREE | R51: 2 | S51: Maladie longue durée | T51: MAL | U51: 45273
A52: LD | B52: CONGE LONGUE DUREE | C52: CONGE LONGUE DUREE | G52: M | H52: Médical | I52: O | J52: CLD | K52: =VLOOKUP(Requête1[[#This Row],[CD_GRP_ABS]],dim_absences_grp!A:B,2,0) -> CLD | L52: Congés longues durées | M52: M | N52: Médical | O52: CLD | P52: Congés longues durées | Q52: CONGE LONGUE DUREE | R52: 2 | S52: Maladie longue durée | T52: MAL | U52: 45273
A53: LM | B53: LONGUE MALADIE | C53: CONGE LONGUE MALADIE | D53: 201901 | E53: 202506 | F53: 58280.913 | G53: M | H53: Médical | I53: O | J53: CLM | K53: =VLOOKUP(Requête1[[#This Row],[CD_GRP_ABS]],dim_absences_grp!A:B,2,0) -> CLM | L53: Congés longue maladie | M53: M | N53: Médical | O53: CLM | P53: Congés longue maladie | Q53: CONGE LONGUE MALADIE | R53: 2 | S53: Maladie longue durée | T53: MAL | U53: 45273
A54: M1 | B54: DISPO OFF INVGRP 1 | C54: DISPONIBILITE D'OFFICE INVALIDITE GRP 1 | D54: 201901 | E54: 202506 | F54: 225.998 | G54: M | H54: Médical | I54: O | J54: MAL | K54: =VLOOKUP(Requête1[[#This Row],[CD_GRP_ABS]],dim_absences_grp!A:B,2,0) -> MAL | L54: Maladie | M54: M | N54: Médical | O54: MAL | P54: Maladie | Q54: DM2 | R54: 1 | S54: Maladie ordinaire | T54: MAL | U54: 45273
A55: M2 | B55: DISPO OFF INVGRP 2 | C55: DISPONIBILITE D'OFFICE INVALIDITE GRP 2 | D55: 201901 | E55: 202506 | F55: 46187.046 | G55: M | H55: Médical | I55: O | J55: MAL | K55: =VLOOKUP(Requête1[[#This Row],[CD_GRP_ABS]],dim_absences_grp!A:B,2,0) -> MAL | L55: Maladie | M55: M | N55: Médical | O55: MAL | P55: Maladie | Q55: DM2 | R55: 1 | S55: Maladie ordinaire | T55: MAL | U55: 45273
A56: M3 | B56: DISPO OFF INVGRP 3 | C56: DISPONIBILITE D'OFFICE INVALIDITE GRP 3 | D56: 201901 | E56: 202412 | F56: 370.78 | G56: M | H56: Médical | I56: O | J56: MAL | K56: =VLOOKUP(Requête1[[#This Row],[CD_GRP_ABS]],dim_absences_grp!A:B,2,0) -> MAL | L56: Maladie | M56: M | N56: Médical | O56: MAL | P56: Maladie | Q56: DM2 | R56: 1 | S56: Maladie ordinaire | T56: MAL | U56: 45273
A57: MA | B57: CONGE DE MATERNITE | C57: CONGE DE MATERNITE | D57: 201901 | E57: 202506 | F57: 62382.573 | G57: N | H57: Non-médical | I57: O | J57: MAT | K57: =VLOOKUP(Requête1[[#This Row],[CD_GRP_ABS]],dim_absences_grp!A:B,2,0) -> MAT | L57: Maternité | M57: N | N57: Non-médical | O57: MAT | P57: Maternité | Q57: CONGE MATERNITE | R57: 5 | S57: Maternité, paternité, adoption | T57: MAT | U57: 45273
A58: MC | B58: MALADIE EN SERVICE | C58: MALADIE CONTRACTEE EN SERVICE | D58: 202002 | E58: 202409 | F58: 16.278 | G58: M | H58: Médical | I58: O | J58: PRO | K58: =VLOOKUP(Requête1[[#This Row],[CD_GRP_ABS]],dim_absences_grp!A:B,2,0) -> MAP | L58: Maladies pro | M58: M | N58: Médical | O58: PRO | P58: Maladies pro | Q58: MC MP | R58: 6 | S58: Maladie en service | T58: AT_MP | U58: 45273
A59: MD | B59: MATERNITE PDT DISP | C59: MATERNITE PENDANT DISPONIBILITE | D59: 201901 | E59: 202503 | F59: 223.98 | G59: N | H59: Non-médical | I59: N | J59: MATD | K59: =VLOOKUP(Requête1[[#This Row],[CD_GRP_ABS]],dim_absences_grp!A:B,2,0) -> MTD | L59: Maternité pendant disponibilit | M59: X | N59: Exclu | O59: MAT | P59: Maternité | Q59: MATERNITE PENDANT DISPONIBILITE | R59: 7 | S59: Autre | T59: MAT | U59: 45273
A60: ME | B60: MEDAILLE | C60: MEDAILLE | G60: N | H60: Non-médical | I60: N | J60: DIV | K60: =VLOOKUP(Requête1[[#This Row],[CD_GRP_ABS]],dim_absences_grp!A:B,2,0) -> DIV | L60: Divers | M60: X | N60: Exclu | O60: DIV | P60: Divers | Q60: MEDAILLE | R60: 7 | S60: Autre | T60: AUTRE | U60: 45273
A61: MH | B61: MISSION HUMANIT | C61: MISSION HUMANITAIRE | D61: 201901 | E61: 202506 | F61: 61.053 | G61: N | H61: Non-médical | I61: N | J61: DIV | K61: =VLOOKUP(Requête1[[#This Row],[CD_GRP_ABS]],dim_absences_grp!A:B,2,0) -> DIV | L61: Divers | M61: X | N61: Exclu | O61: DIV | P61: Divers | Q61: MISSION HUMANITAIRE | R61: 7 | S61: Autre | T61: AUTRE | U61: 45273
A62: MN | B62: FONCT.ELECT.NON.RE | C62: MISSION TEMPORAIRE NON REMUNEREE | D62: 201901 | E62: 202505 | F62: 21.331 | G62: N | H62: Non-médical | I62: N | J62: DIV | K62: =VLOOKUP(Requête1[[#This Row],[CD_GRP_ABS]],dim_absences_grp!A:B,2,0) -> DIV | L62: Divers | M62: X | N62: Exclu | O62: DIV | P62: Divers | Q62: AUTRES MISSIONS | R62: 7 | S62: Autre | T62: AUTRE | U62: 45273
A63: MP | B63: MALADIE PRO | C63: MALADIE PROFESSIONNELLE | D63: 201901 | E63: 202506 | F63: 16215.947 | G63: M | H63: Médical | I63: O | J63: PRO | K63: =VLOOKUP(Requête1[[#This Row],[CD_GRP_ABS]],dim_absences_grp!A:B,2,0) -> MAP | L63: Maladies pro | M63: M | N63: Médical | O63: PRO | P63: Maladies pro | Q63: MC MP | R63: 4 | S63: Maladie professionnelle | T63: AT_MP | U63: 45273
A64: MR | B64: MIS. TEMP. REM | C64: MISSSION TEMPORAIRE REMUNEREE | G64: N | H64: Non-médical | I64: N | J64: DIV | K64: =VLOOKUP(Requête1[[#This Row],[CD_GRP_ABS]],dim_absences_grp!A:B,2,0) -> DIV | L64: Divers | M64: X | N64: Exclu | O64: DIV | P64: Divers | Q64: AUTRES MISSIONS | R64: 7 | S64: Autre | T64: AUTRE | U64: 45273
A65: MS | B65: MAT SS SOLDE | C65: MATERNITE SANS SOLDE | G65: N | H65: Non-médical | I65: O | J65: MAT | K65: =VLOOKUP(Requête1[[#This Row],[CD_GRP_ABS]],dim_absences_grp!A:B,2,0) -> MAT | L65: Maternité | M65: N | N65: Non-médical | O65: MAT | P65: Maternité | Q65: MATERNITE SANS SOLDE | R65: 5 | S65: Maternité, paternité, adoption | T65: MAT | U65: 45273
A66: MT | B66: MEDECINE TRAVAIL | C66: MEDECINE DU TRAVAIL | G66: M | H66: Médical | I66: N | J66: MT | K66: =VLOOKUP(Requête1[[#This Row],[CD_GRP_ABS]],dim_absences_grp!A:B,2,0) -> MED | L66: Médecine du travail | M66: X | N66: Exclu | O66: MAL | P66: Maladie | Q66: MEDECINE DU TRAVAIL | R66: 7 | S66: Autre | T66: AUTRE | U66: 45273
A67: OS | B67: SERV INCOM PRAT AT | C67: OBLIGATIONS SERVICE INCOMPLETES PRAT.AT | G67: N | H67: Non-médical | I67: N | J67: DIV | K67: =VLOOKUP(Requête1[[#This Row],[CD_GRP_ABS]],dim_absences_grp!A:B,2,0) -> DIV | L67: Divers | M67: X | N67: Exclu | O67: DIV | P67: Divers | Q67: DIVERS | R67: 7 | S67: Autre | T67: AUTRE | U67: 45273
A68: P | B68: PRESENCE | C68: PRESENCE | G68: N | H68: Non-médical | I68: N | J68: DIV | K68: =VLOOKUP(Requête1[[#This Row],[CD_GRP_ABS]],dim_absences_grp!A:B,2,0) -> DIV | L68: Divers | M68: X | N68: Exclu | O68: DIV | P68: Divers | Q68: DIVERS | R68: 7 | S68: Autre | T68: AUTRE | U68: 45273
A69: PA | B69: CGE PRO AIDANT | C69: CGE PRO AIDANT | D69: 202012 | E69: 202506 | F69: 177.7 | G69: N | H69: Non-médical | I69: N | J69: CF | K69: =VLOOKUP(Requête1[[#This Row],[CD_GRP_ABS]],dim_absences_grp!A:B,2,0) -> CMF | L69: Congés motif familial | M69: X | N69: Exclu | O69: CF | P69: Congés motif familial | Q69: CGE PRO AIDANT | R69: 7 | S69: Autre | T69: AUTRE | U69: 45273
A70: PF | B70: CP FORMATION | C70: COMPTE PERSONNEL DE FORMATION | G70: N | H70: Non-médical | I70: N | J70: FOR | K70: =VLOOKUP(Requête1[[#This Row],[CD_GRP_ABS]],dim_absences_grp!A:B,2,0) -> FOR | L70: Formation pro | M70: X | N70: Exclu | O70: FOR | P70: Formation pro | Q70: TEMPS DE REVISION AVANT UN CONCOURS | R70: 7 | S70: Autre | T70: AUTRE | U70: 45273
A71: PM | B71: PER MILIT REM | C71: PERIODE MILITAIRE REMUNEREE | D71: 201902 | E71: 202402 | F71: 6.004 | G71: N | H71: Non-médical | I71: N | J71: DIV | K71: =VLOOKUP(Requête1[[#This Row],[CD_GRP_ABS]],dim_absences_grp!A:B,2,0) -> DIV | L71: Divers | M71: X | N71: Exclu | O71: DIV | P71: Divers | Q71: PERIODE MILITAIRE | R71: 7 | S71: Autre | T71: AUTRE | U71: 45273
A72: PP | B72: POSIT PROV 50 | C72: POSITION PROVISOIRE 50 | D72: 202007 | E72: 202506 | F72: 1984.699 | G72: M | H72: Médical | I72: O | J72: MAL | K72: =VLOOKUP(Requête1[[#This Row],[CD_GRP_ABS]],dim_absences_grp!A:B,2,0) -> MAL | L72: Maladie | M72: M | N72: Médical | O72: MAL | P72: Maladie | Q72: POSITION PROVISOIRE 50 | R72: 1 | S72: Maladie ordinaire | T72: MAL | U72: 45628
A73: PR | B73: CONGE PATERNITE | C73: CONGE PATERNITE | D73: 201901 | E73: 202506 | F73: 1982.057 | G73: N | H73: Non-médical | I73: O | J73: MAT | K73: =VLOOKUP(Requête1[[#This Row],[CD_GRP_ABS]],dim_absences_grp!A:B,2,0) -> MAT | L73: Maternité | M73: N | N73: Non-médical | O73: MAT | P73: Maternité | Q73: CONGE PATERNITE | R73: 5 | S73: Maternité, paternité, adoption | T73: MAT | U73: 45273
A74: PS | B74: PERMANENCE DE SOIN | C74: Permanence de soin | G74: N | H74: Non-médical | I74: N | J74: DIV | K74: =VLOOKUP(Requête1[[#This Row],[CD_GRP_ABS]],dim_absences_grp!A:B,2,0) -> DIV | L74: Divers | M74: X | N74: Exclu | O74: DIV | P74: Divers | Q74: DIVERS | R74: 7 | S74: Autre | T74: AUTRE | U74: 45273
A75: RA | B75: RECUP ASTREINTE | C75: RECUPERATION D'ASTREINTE | G75: N | H75: Non-médical | I75: N | J75: AST | K75: =VLOOKUP(Requête1[[#This Row],[CD_GRP_ABS]],dim_absences_grp!A:B,2,0) -> AST | L75: Astreinte | M75: X | N75: Exclu | O75: AST | P75: Astreinte | Q75: RECUPERATION D'ASTREINTE | R75: 7 | S75: Autre | T75: AUTRE | U75: 45273
A76: RE | B76: RELATION EXT | C76: RELATION EXTERIEURE | D76: 201903 | E76: 202504 | F76: 121.492 | G76: N | H76: Non-médical | I76: N | J76: DIV | K76: =VLOOKUP(Requête1[[#This Row],[CD_GRP_ABS]],dim_absences_grp!A:B,2,0) -> DIV | L76: Divers | M76: X | N76: Exclu | O76: DIV | P76: Divers | Q76: RELATION EXTERIEURE | R76: 7 | S76: Autre | T76: AUTRE | U76: 45273
A77: RG | B77: RECUP. GARDE | C77: RECUPERATION DE GARDE | G77: N | H77: Non-médical | I77: N | J77: CON | K77: =VLOOKUP(Requête1[[#This Row],[CD_GRP_ABS]],dim_absences_grp!A:B,2,0) -> CBO | L77: Congés bonifiés | M77: X | N77: Exclu | O77: CON | P77: Congés bonifiés | Q77: AUTRES RECUPERATIONS | R77: 7 | S77: Autre | T77: AUTRE | U77: 45273
A78: RH | B78: REPOS HEBDOMADAIRE | C78: REPOS HEBDOMADAIRE | D78: 201904 | E78: 201912 | F78: 0.651 | G78: N | H78: Non-médical | I78: N | J78: CON | K78: =VLOOKUP(Requête1[[#This Row],[CD_GRP_ABS]],dim_absences_grp!A:B,2,0) -> CBO | L78: Congés bonifiés | M78: X | N78: Exclu | O78: CON | P78: Congés bonifiés | Q78: AUTRES CONGES | R78: 7 | S78: Autre | T78: AUTRE | U78: 45273
A79: RM | B79: REPOR MAT CONJOINT | C79: REPORT DU CONGE MATERNITE SUR LE CONJOINT | D79: 202005 | E79: 202503 | F79: 0.261 | G79: N | H79: Non-médical | I79: O | J79: MAT | K79: =VLOOKUP(Requête1[[#This Row],[CD_GRP_ABS]],dim_absences_grp!A:B,2,0) -> MAT | L79: Maternité | M79: N | N79: Non-médical | O79: MAT | P79: Maternité | Q79: DIVERS | R79: 5 | S79: Maternité, paternité, adoption | T79: MAT | U79: 45273
A80: RP | B80: RECUP. PERM. SOINS | C80: RECUPERATION DE PERMANENCE DE SOINS | G80: N | H80: Non-médical | I80: N | J80: CON | K80: =VLOOKUP(Requête1[[#This Row],[CD_GRP_ABS]],dim_absences_grp!A:B,2,0) -> CBO | L80: Congés bonifiés | M80: X | N80: Exclu | O80: CON | P80: Congés bonifiés | Q80: AUTRES RECUPERATIONS | R80: 7 | S80: Autre | T80: AUTRE | U80: 45273
A81: RQ | B81: REPOS QUOTIDIEN | C81: REPOS QUOTIDIEN | G81: N | H81: Non-médical | I81: N | J81: CON | K81: =VLOOKUP(Requête1[[#This Row],[CD_GRP_ABS]],dim_absences_grp!A:B,2,0) -> CBO | L81: Congés bonifiés | M81: X | N81: Exclu | O81: CON | P81: Congés bonifiés | Q81: AUTRES CONGES | R81: 7 | S81: Autre | T81: AUTRE | U81: 45273
A82: RS | B82: REPOS DE SECURITE | C82: REPOS DE SECURITE | G82: N | H82: Non-médical | I82: N | J82: CON | K82: =VLOOKUP(Requête1[[#This Row],[CD_GRP_ABS]],dim_absences_grp!A:B,2,0) -> CBO | L82: Congés bonifiés | M82: X | N82: Exclu | O82: CON | P82: Congés bonifiés | Q82: AUTRES CONGES | R82: 7 | S82: Autre | T82: AUTRE | U82: 45273
A83: RT | B83: JOURS R.T.T | C83: JOURS R.T.T | G83: N | H83: Non-médical | I83: N | J83: CON | K83: =VLOOKUP(Requête1[[#This Row],[CD_GRP_ABS]],dim_absences_grp!A:B,2,0) -> CBO | L83: Congés bonifiés | M83: X | N83: Exclu | O83: CON | P83: Congés bonifiés | Q83: AUTRES CONGES | R83: 7 | S83: Autre | T83: AUTRE | U83: 45273
A84: SA | B84: CONGE SPE CADRE A | C84: CONGE SPECIAL POUR LES CADRE A | G84: N | H84: Non-médical | I84: N | J84: CON | K84: =VLOOKUP(Requête1[[#This Row],[CD_GRP_ABS]],dim_absences_grp!A:B,2,0) -> CBO | L84: Congés bonifiés | M84: X | N84: Exclu | O84: CON | P84: Congés bonifiés | Q84: AUTRES CONGES | R84: 7 | S84: Autre | T84: AUTRE | U84: 45273
A85: SE | B85: SUSP SOLDE ENT | C85: SUSPENSION SOLDE ENTIERE | D85: 201901 | E85: 202506 | F85: 1229.752 | G85: N | H85: Non-médical | I85: N | J85: SUS | K85: =VLOOKUP(Requête1[[#This Row],[CD_GRP_ABS]],dim_absences_grp!A:B,2,0) -> SUS | L85: Suspension | M85: X | N85: Exclu | O85: SUS | P85: Suspension | Q85: SUSPENSION | R85: 7 | S85: Autre | T85: AUTRE | U85: 45273
A86: SF | B86: SUSP FONCT TT TAUX | C86: SUSPENSION FONCTION TOUT TAUX | G86: N | H86: Non-médical | I86: N | J86: SUS | K86: =VLOOKUP(Requête1[[#This Row],[CD_GRP_ABS]],dim_absences_grp!A:B,2,0) -> SUS | L86: Suspension | M86: X | N86: Exclu | O86: SUS | P86: Suspension | Q86: SUSPENSION | R86: 7 | S86: Autre | T86: AUTRE | U86: 45273
A87: SI | B87: SUITE ABS INJ | C87: SUITE ABSENCE INJUSTIFIEE | G87: N | H87: Non-médical | I87: N | J87: AI | K87: =VLOOKUP(Requête1[[#This Row],[CD_GRP_ABS]],dim_absences_grp!A:B,2,0) -> AIR | L87: Absences irrégulières | M87: X | N87: Exclu | O87: AI | P87: Absences irrégulières | Q87: ABSENCE IRREGULIERE | R87: 7 | S87: Autre | T87: AUTRE | U87: 45273
A88: SO | B88: CGE SOL FAMIL | C88: CONGE DE SOLIDARITE FAMILIALE | D88: 202101 | E88: 202208 | F88: 15.964 | G88: N | H88: Non-médical | I88: N | J88: CF | K88: =VLOOKUP(Requête1[[#This Row],[CD_GRP_ABS]],dim_absences_grp!A:B,2,0) -> CMF | L88: Congés motif familial | M88: X | N88: Exclu | O88: CF | P88: Congés motif familial | Q88: CONGE DE SOLIDARITE FAMILIALE | R88: 7 | S88: Autre | T88: AUTRE | U88: 45273
A89: SS | B89: SUSP SANS SOLDE | C89: SUSPENSION SANS SOLDE | D89: 201902 | E89: 202501 | F89: 28.669 | G89: N | H89: Non-médical | I89: N | J89: SUS | K89: =VLOOKUP(Requête1[[#This Row],[CD_GRP_ABS]],dim_absences_grp!A:B,2,0) -> SUS | L89: Suspension | M89: X | N89: Exclu | O89: SUS | P89: Suspension | Q89: SUSPENSION | R89: 7 | S89: Autre | T89: AUTRE | U89: 45273
A90: ST | B90: SUSP TOUT TAUX | C90: SUSPENSION TOUT TAUX | D90: 201901 | E90: 202506 | F90: 188.759 | G90: N | H90: Non-médical | I90: N | J90: SUS | K90: =VLOOKUP(Requête1[[#This Row],[CD_GRP_ABS]],dim_absences_grp!A:B,2,0) -> SUS | L90: Suspension | M90: X | N90: Exclu | O90: SUS | P90: Suspension | Q90: SUSPENSION | R90: 7 | S90: Autre | T90: AUTRE | U90: 45273
A91: SV | B91: SUSP VACCINATION | C91: SUSP VACCINATION | D91: 202109 | E91: 202506 | F91: 5144.87 | G91: N | H91: Non-médical | I91: N | J91: SUS | K91: =VLOOKUP(Requête1[[#This Row],[CD_GRP_ABS]],dim_absences_grp!A:B,2,0) -> SUS | L91: Suspension | M91: X | N91: Exclu | O91: SUS | P91: Suspension | Q91: SUSPENSION | R91: 7 | S91: Autre | T91: AUTRE | U91: 45273
A92: SY | B92: ACTIVITE SYNDICALE | C92: DELEGATION SYNDICALE | D92: 202103 | E92: 202406 | F92: 1.079 | G92: N | H92: Non-médical | I92: N | J92: SYN | K92: =VLOOKUP(Requête1[[#This Row],[CD_GRP_ABS]],dim_absences_grp!A:B,2,0) -> SYN | L92: Absences syndicales | M92: X | N92: Exclu | O92: SYN | P92: Absences syndicales | Q92: ACTIVITE SYNDICALE | R92: 7 | S92: Autre | T92: AUTRE | U92: 45273
A93: TA | B93: RECUP. TA | C93: RECUPERATION TEMPS ADDITIONNEL | G93: N | H93: Non-médical | I93: N | J93: CON | K93: =VLOOKUP(Requête1[[#This Row],[CD_GRP_ABS]],dim_absences_grp!A:B,2,0) -> CBO | L93: Congés bonifiés | M93: X | N93: Exclu | O93: CON | P93: Congés bonifiés | Q93: AUTRES RECUPERATIONS | R93: 7 | S93: Autre | T93: AUTRE | U93: 45273
A94: TI | B94: DEMI-TRAIT INVALID | C94: DEMI-TRAITEMENT INVALIDITE | D94: 202205 | E94: 202506 | F94: 3048.423 | G94: M | H94: Médical | I94: O | J94: MAL | K94: =VLOOKUP(Requête1[[#This Row],[CD_GRP_ABS]],dim_absences_grp!A:B,2,0) -> MAL | L94: Maladie | M94: M | N94: Médical | O94: MAL | P94: Maladie | Q94: DEMI-TRAITEMENT INVALIDITE | R94: 1 | S94: Maladie ordinaire | T94: MAL | U94: 45635
A95: ZZ | B95: REPRISE | C95: REPRISE | G95: N | H95: Non-médical | I95: N | J95: DIV | K95: =VLOOKUP(Requête1[[#This Row],[CD_GRP_ABS]],dim_absences_grp!A:B,2,0) -> DIV | L95: Divers | M95: X | N95: Exclu | O95: DIV | P95: Divers | Q95: DIVERS | R95: 7 | S95: Autre | T95: AUTRE | U95: 45273
